filename,link
May 2023 ASE Fetal Echo.pdf,https://www.asecho.org/wp-content/uploads/2023/05/PIIS0894731723002067.pdf
April 2023 ASE Interventional Echocardiography for SHD.pdf,https://www.asecho.org/wp-content/uploads/2023/04/PIIS0894731723000676.pdf
March 2023 ASE Cardiac POCUS in Children.pdf,https://www.asecho.org/wp-content/uploads/2023/01/PIIS0894731722006034-1.pdf
January 2023 ASE Evaluation of Rheumatic Heart Disease RHD.pdf,https://www.asecho.org/wp-content/uploads/2023/01/PIIS0894731722005211.pdf
June 2022 ASE Multimodality CV Imaging of patients with HCM.pdf,https://www.asecho.org/wp-content/uploads/2022/06/PIIS0894731722001407.pdf
April 2022 ASE Non-Invasive Imaging in Coronary Syndromes.pdf,https://www.asecho.org/wp-content/uploads/2022/04/PIIS0894731721008841.pdf
January 2022 ASE TEE Screening for Structural Heart Intervention.pdf,https://www.asecho.org/wp-content/uploads/2022/01/PIIS0894731721005940.pdf
March 2021 ASE Adult Sonographer Screening for C-CHD.pdf,https://www.asecho.org/wp-content/uploads/2021/03/PIIS0894731720307793.pdf
January 2021 ASE Adapting Pediatric Fetal and CHD Services COVID-19.pdf,https://www.asecho.org/wp-content/uploads/2022/10/PIIS0894731721000274.pdf
August 2020 ASE Assessment of Carotid Arterial Plaque by Ultrasound.pdf,https://www.asecho.org/wp-content/uploads/2022/01/PIIS0894731720302522.pdf
June 2020 ASE TEESurgical Decision-Making in the OR.pdf,https://www.asecho.org/wp-content/uploads/2023/03/PIIS0894731720301334.pdf
May 2020 ASE Reintroduction of Echo During COVID-19.pdf,https://www.asecho.org/wp-content/uploads/2022/10/PIIS0894731720303138.pdf
May 2020 ASE Multimodality Cardiovascular Imaging in Young Adult Competitive Athletes.pdf,https://www.asecho.org/wp-content/uploads/2020/05/YA-Competitive-Athlete_May2020.pdf
April 2020 ASE ASE Statement on COVID-19.pdf,https://www.asecho.org/wp-content/uploads/2020/06/COVID-Statement_June2020.pdf
April 2020 ASE POCUS and Critical Care Echocardiography.pdf,https://www.asecho.org/wp-content/uploads/2020/04/POCUS-Training_April2020.pdf
March 2020 ASE Multimodality Assessment of Congenital Coronary Anomalies.pdf,https://www.asecho.org/wp-content/uploads/2020/03/ConCoronary_March2020.pdf
January 2020 ASE Stress Echocardiography in Ischemic Heart Disease.pdf,https://www.asecho.org/wp-content/uploads/2020/01/Stress-Echo-2020.pdf
May 2019 ASE AUC for Nonvalvular Heart Disease.pdf,https://www.asecho.org/wp-content/uploads/2019/07/AUC-for-MMI-Nonvalvular-HD-2019.pdf
April 2019 ASE Valvular Regurgitation After Percutaneous Valve RepairReplacement.pdf,https://www.asecho.org/wp-content/uploads/2019/04/Percutaneous-VR_2019.pdf
February 2019 ASE Comprehensive TEE in Children and CHD.pdf,https://www.asecho.org/wp-content/uploads/2019/02/TEE-Ped-and-CHD.pdf
January 2019 ASE Comprehensive TTE in Adults.pdf,https://www.asecho.org/wp-content/uploads/2019/01/2019_Comprehensive-TTE.pdf
April 2018 ASE AUC for Multimodality Imaging in Valvular Heart Disease.pdf,https://www.asecho.org/wp-content/uploads/2019/07/AUC-MMI-in-VHD-2017.pdf
March 2018 ASE UEA in Clinical Echo 2018 Update.pdf,https://www.asecho.org/wp-content/uploads/2018/03/UEA-Guideline.pdf
January 2018 ASE Chagas Disease.pdf,https://www.asecho.org/wp-content/uploads/2018/01/2018_Chagas.pdf
April 2017 ASE Native Valvular Regurgitation by Echo.pdf,https://www.asecho.org/wp-content/uploads/2017/04/2017VavularRegurgitationGuideline.pdf
April 2017 ASE Update of Aortic Valve Stenosis.pdf,https://www.asecho.org/wp-content/uploads/2017/04/2017ValveStenosisGuideline.pdf
February 2017 ASE Stress Echo in Non-Ischaemic Heart Disease.pdf,https://www.asecho.org/wp-content/uploads/2017/02/Stress-Echo-in-Non-Ischaemic-Guideline-2-2-17.pdf
January 2017 ASE 3D Echo in CHD.pdf,https://www.asecho.org/wp-content/uploads/2017/01/3D-Echo-in-CHD.pdf
July 2016 ASE TGA Multimodality Imaging.pdf,https://www.asecho.org/wp-content/uploads/2016/06/2016_Transposition-of-Great-Arteries.pdf
April 2016 ASE LV Diastolic Function by Echo.pdf,https://www.asecho.org/wp-content/uploads/2016/03/2016_LVDiastolicFunction.pdf
January 2016 ASE Cardiac Source of Embolism.pdf,https://www.asecho.org/wp-content/uploads/2016/01/2016_Cardiac-Source-of-Embolism.pdf
August 2015 ASE LVAD Assessment by Echo.pdf,https://www.asecho.org/wp-content/uploads/2015/07/2015_EchoLVAD.pdf
August 2015 ASE ASD and PFO Assessment by Echo.pdf,https://www.asecho.org/wp-content/uploads/2015/07/2015_ASD-PFO.pdf
July 2015 ASE Echo in Adult Hypertension.pdf,https://www.asecho.org/wp-content/uploads/2015/07/2015_Hypertension.pdf
February 2015 ASE Thoracic Aorta Diseases in Adults.pdf,https://www.asecho.org/wp-content/uploads/2015/01/2015_Thoracic-Aorta.pdf
January 2015 ASE Therapeutic Intervention in Adults.pdf,https://www.asecho.org/wp-content/uploads/2015/01/EchoMonitor2015.pdf
January 2015 ASE Cardiac Chamber Quantification by Echo in Adults.pdf,https://www.asecho.org/wp-content/uploads/2016/02/2015_ChamberQuantificationREV.pdf
September 2014 ASE AUC for TTE in Outpatient Pediatric Cardiology.pdf,https://www.asecho.org/wp-content/uploads/2014/09/PedsAUC_JASE2014.pdf
September 2014 ASE Adult Cancer Patients.pdf,https://www.asecho.org/wp-content/uploads/2014/08/2014_CancerTherapy.pdf
August 2014 ASE Radiation Safety for Sonographers.pdf,https://www.asecho.org/wp-content/uploads/2014/07/2014_RadiationSafety.pdf
August 2014 ASE Contrast Echo for Sonographers.pdf,https://www.asecho.org/wp-content/uploads/2014/07/2014_Contrast-Sonography.pdf
February 2014 ASE Repaired Tetralogy of Fallot.pdf,https://www.asecho.org/wp-content/uploads/2014/01/RepairedTOF_Feb2014.pdf
September 2013 ASE Pericardial Disease.pdf,https://www.asecho.org/wp-content/uploads/2014/03/2013_Multimodality-CV-Imaging-for-Pericardial-Disease.pdf
September 2013 ASE CV Complications of Radiotherapy in Adults.pdf,https://www.asecho.org/wp-content/uploads/2014/05/2013_CV-Complications-of-Radiotherapy-in-Adults.pdf
September 2013 ASE Comprehensive TEE.pdf,https://www.asecho.org/wp-content/uploads/2014/05/2013_Performing-Comprehensive-TEE.pdf
June 2013 ASE Focused Cardiac Ultrasound.pdf,https://www.asecho.org/wp-content/uploads/2014/01/FCU.pdf
May 2013 ASE Basic Perioperative TEE.pdf,https://www.asecho.org/wp-content/uploads/2013/05/Basic-Perioperative-TEE-Exam.pdf
January 2012 ASE 3D Echo.pdf,https://www.asecho.org/wp-content/uploads/2014/05/2012_Three-Dimensional-Echo.pdf
December 2011 ASE Ultrasound Guided Vascular Cannulation.pdf,https://www.asecho.org/wp-content/uploads/2013/05/Performing-Ultrasound-Guided-Vascular-Cannulation.pdf
October 2011 ASE Echo in the NICU.pdf,https://www.asecho.org/wp-content/uploads/2013/05/Targeted-NICU-Echo_Pedes.pdf
September 2011 ASE Valvular Heart Disease Echo in Transcatheter Interventions.pdf,https://www.asecho.org/wp-content/uploads/2013/05/Use-of-Echo-in-New-TC-Inter-for-Valv-Heart-Dis.pdf
March 2011 ASE AUC for Echo.pdf,https://www.asecho.org/wp-content/uploads/2013/05/Appropriate-Use-Criteria-for-Echo_2011.pdf
March 2011 ASE Cardiac Mechanics.pdf,https://www.asecho.org/wp-content/uploads/2014/05/2011_Quant-Evaluation-of-Cardiac-Mechanics-Copy.pdf
January 2011 ASE Quality Echo Lab Operations.pdf,https://www.asecho.org/wp-content/uploads/2013/05/Quality-Echo-Lab-Operations.pdf
December 2010 ASE Focused Cardiac Ultrasound in Emergencies.pdf,https://www.asecho.org/wp-content/uploads/2013/05/Focused-Cardiac-US-in-the-Emergent-Setting.pdf
July 2010 ASE Right Heart in Adults.pdf,https://www.asecho.org/wp-content/uploads/2013/05/Echo-Assessment-of-Right-Heart-in-Adults.pdf
May 2010 ASE Pediatric Echo Quantification.pdf,https://www.asecho.org/wp-content/uploads/2014/05/2010_Quantification-Methods-Pediatric-Echo1.pdf
September 2009 ASE Prosthetic Valves by Echo.pdf,https://www.asecho.org/wp-content/uploads/2014/05/2009_Evaluation-of-Prosthetic-Valves.pdf
July 2009 ASE Echo Imaging in Clinical Trials.pdf,https://www.asecho.org/wp-content/uploads/2013/05/Echo-Imaging-in-Clin-Trials_ASE-Standards-for-Echo-Core-Labs.pdf
March 2009 ASE Echo-Guided Interventions.pdf,https://www.asecho.org/wp-content/uploads/2014/05/2009_Echo-Guided-Interventions.pdf
Jan-09 ASE Valve Stenosis 2009.pdf,https://www.asecho.org/wp-content/uploads/2020/08/2009_Echo-Assessment-of-Valve-Stenosis_note_added.pdf
Nov-08 ASE Contrast Agents in Echo.pdf,https://www.asecho.org/wp-content/uploads/2013/05/ASE-Consensus-Statement-on-Clinical-App-of-Ultrasonic-Contrast-Agents-in-Echo.pdf
Mar-08 ASE Resynchronization Therapy.pdf,https://www.asecho.org/wp-content/uploads/2014/05/2008_Cardiac-Resynchronization-Therapy.pdf
Feb-08 ASE Carotid Ultrasound to Assess Subclinical Vascular Disease and CV Risk.pdf,https://www.asecho.org/wp-content/uploads/2013/05/Use-of-Carotid-US-to-ID-Subclinical-Vasc-Disease-and-Eval-Disease-Risk.pdf
Nov-07 ASE Intraoperative Epiaortic Ultrasonographic Exam.pdf,https://www.asecho.org/wp-content/uploads/2013/05/Performance-of-a-Comprehensive-Intraoperative-Epiaortic-Ultrasonographic-Exam.pdf
Sep-07 ASE Stress Echo.pdf,https://www.asecho.org/wp-content/uploads/2013/05/Performance-Interpretation-and-App-of-Stress-Echo.pdf
Apr-07 ASE Comprehensive Epicardial Echo Exam.pdf,https://www.asecho.org/wp-content/uploads/2013/05/Performing-a-Comprehensive-Epicardial-Echo-Exam.pdf
Dec-06 ASE Pediatric Echo.pdf,https://www.asecho.org/wp-content/uploads/2013/05/Pediatric-Echo_Pedes.pdf
Nov-06 ASE Perioperative Echo Quality Improvement.pdf,https://www.asecho.org/wp-content/uploads/2013/05/Continuous-Quality-Improvement-in-Perioperative-Echo.pdf
Aug-06 ASE Vascular Ultrasound in CV Risk Stratification.pdf,https://www.asecho.org/wp-content/uploads/2013/05/Clinical-App-of-Noninvasive-Vasc-US-in-CV-Risk-Stratification.pdf
Aug-06 ASE Noninvasive Vascular Lab Testing.pdf,https://www.asecho.org/wp-content/uploads/2013/05/Noninvasive-Vascular-Lab-Testing.pdf
Nov-05 ASE Minimum Standards for the Cardiac Sonographer.pdf,https://www.asecho.org/wp-content/uploads/2013/05/Minimum-Standards-for-the-Cardiac-Sonographer.pdf
Oct-04 ASE Echo in Clinical Trials.pdf,https://www.asecho.org/wp-content/uploads/2013/05/Use-of-Echo-in-Clinical-Trials.pdf
Jun-02 ASE Perioperative Echo Training.pdf,https://www.asecho.org/wp-content/uploads/2013/05/Task-Force-Guidelines-for-Training-in-Perioperative-Echo.pdf
Mar-02 ASE Standardized Report for Adult TTE.pdf,https://www.asecho.org/wp-content/uploads/2023/03/PIIS0894731702594712.pdf
Feb-02 ASE Doppler Echo Quantification.pdf,https://www.asecho.org/wp-content/uploads/2013/05/Quantification-of-Doppler-Echo.pdf
May-01 ASE Contrast Echo for Sonographers.pdf,https://www.asecho.org/wp-content/uploads/2013/05/Cardiac-Sonographer-in-the-Performance-of-Contrast-Echo.pdf